{
  "model_family": "qwen2.5-vl",
  "model_name": "Qwen2.5-VL-7B-Instruct",
  "hidden_size": 3584,
  "bos_token_id": 151643,
  "sink_layers": [7, 8, 9, 10, 11, 12, 13, 14, 15, 16, 17, 18, 19, 20],
  "sink_top_k": 64,
  "method": "Look Twice BOS hidden-state sink dimensions: L2-normalize BOS hidden state per layer, average absolute dimension scores across sink layers, take top-k dimensions.",
  "sink_dim_indexes": [
    458,
    2570,
    2718,
    2730,
    3206,
    2107,
    3197,
    3281,
    32,
    1427,
    1923,
    1692,
    1111,
    1803,
    3110,
    1451,
    662,
    1041,
    392,
    2988,
    3461,
    608,
    143,
    1627,
    68,
    1790,
    548,
    637,
    3119,
    882,
    1431,
    3303,
    1288,
    277,
    2066,
    2069,
    2953,
    2153,
    1491,
    1116,
    835,
    1461,
    1110,
    1781,
    20,
    1121,
    96,
    456,
    1929,
    1719,
    1352,
    2330,
    711,
    634,
    1839,
    1003,
    435,
    1776,
    294,
    2843,
    1699,
    2254,
    2030,
    1657
  ],
  "sink_dim_scores": [
    0.7426050305366516,
    0.6010882258415222,
    0.19687916338443756,
    0.16739724576473236,
    0.055761296302080154,
    0.04101291671395302,
    0.04063746705651283,
    0.03950700908899307,
    0.03785618394613266,
    0.03487379476428032,
    0.03477998450398445,
    0.03444843739271164,
    0.033062729984521866,
    0.031110141426324844,
    0.024937184527516365,
    0.023597951978445053,
    0.01586015336215496,
    0.014481129124760628,
    0.014351206831634045,
    0.01354991178959608,
    0.012766746804118156,
    0.012423912063241005,
    0.011139975860714912,
    0.011015101335942745,
    0.010809855535626411,
    0.010684703476727009,
    0.01036071963608265,
    0.009492690674960613,
    0.009375674650073051,
    0.008714997209608555,
    0.008589708246290684,
    0.007244431413710117,
    0.00712630245834589,
    0.006620124448090792,
    0.005603728350251913,
    0.005462984088808298,
    0.005388796329498291,
    0.00523871136829257,
    0.005173112265765667,
    0.005022068973630667,
    0.004850239027291536,
    0.004729134030640125,
    0.004717348609119654,
    0.004230188671499491,
    0.004131181165575981,
    0.0039960057474672794,
    0.0036804205738008022,
    0.003617001697421074,
    0.003527157474309206,
    0.003424634924158454,
    0.003365800017490983,
    0.00334466015920043,
    0.003318236907944083,
    0.0032657349947839975,
    0.003263541031628847,
    0.003175722435116768,
    0.0031369675416499376,
    0.003082612995058298,
    0.003071029204875231,
    0.0030451163183897734,
    0.003030914580449462,
    0.002919980091974139,
    0.002847610739991069,
    0.0027971211820840836
  ]
}
